[
  {
    "code": "041001000",
    "name": "Agoncillo",
    "oldName": "",
    "isCapital": false,
    "isCity": false,
    "isMunicipality": true,
    "provinceCode": "041000000",
    "districtCode": false,
    "regionCode": "040000000",
    "islandGroupCode": "luzon",
    "psgc10DigitCode": "0401001000"
  },
  {
    "code": "041002000",
    "name": "Alitagtag",
    "oldName": "",
    "isCapital": false,
    "isCity": false,
    "isMunicipality": true,
    "provinceCode": "041000000",
    "districtCode": false,
    "regionCode": "040000000",
    "islandGroupCode": "luzon",
    "psgc10DigitCode": "0401002000"
  },
  {
    "code": "041003000",
    "name": "Balayan",
    "oldName": "",
    "isCapital": false,
    "isCity": false,
    "isMunicipality": true,
    "provinceCode": "041000000",
    "districtCode": false,
    "regionCode": "040000000",
    "islandGroupCode": "luzon",
    "psgc10DigitCode": "0401003000"
  },
  {
    "code": "041004000",
    "name": "Balete",
    "oldName": "",
    "isCapital": false,
    "isCity": false,
    "isMunicipality": true,
    "provinceCode": "041000000",
    "districtCode": false,
    "regionCode": "040000000",
    "islandGroupCode": "luzon",
    "psgc10DigitCode": "0401004000"
  },
  {
    "code": "041005000",
    "name": "Batangas City",
    "oldName": "",
    "isCapital": true,
    "isCity": true,
    "isMunicipality": false,
    "provinceCode": "041000000",
    "districtCode": false,
    "regionCode": "040000000",
    "islandGroupCode": "luzon",
    "psgc10DigitCode": "0401005000"
  },
  {
    "code": "041006000",
    "name": "Bauan",
    "oldName": "",
    "isCapital": false,
    "isCity": false,
    "isMunicipality": true,
    "provinceCode": "041000000",
    "districtCode": false,
    "regionCode": "040000000",
    "islandGroupCode": "luzon",
    "psgc10DigitCode": "0401006000"
  },
  {
    "code": "041007000",
    "name": "Calaca",
    "oldName": "",
    "isCapital": false,
    "isCity": false,
    "isMunicipality": true,
    "provinceCode": "041000000",
    "districtCode": false,
    "regionCode": "040000000",
    "islandGroupCode": "luzon",
    "psgc10DigitCode": "0401007000"
  },
  {
    "code": "041008000",
    "name": "Calatagan",
    "oldName": "",
    "isCapital": false,
    "isCity": false,
    "isMunicipality": true,
    "provinceCode": "041000000",
    "districtCode": false,
    "regionCode": "040000000",
    "islandGroupCode": "luzon",
    "psgc10DigitCode": "0401008000"
  },
  {
    "code": "041009000",
    "name": "Cuenca",
    "oldName": "",
    "isCapital": false,
    "isCity": false,
    "isMunicipality": true,
    "provinceCode": "041000000",
    "districtCode": false,
    "regionCode": "040000000",
    "islandGroupCode": "luzon",
    "psgc10DigitCode": "0401009000"
  },
  {
    "code": "041010000",
    "name": "Ibaan",
    "oldName": "",
    "isCapital": false,
    "isCity": false,
    "isMunicipality": true,
    "provinceCode": "041000000",
    "districtCode": false,
    "regionCode": "040000000",
    "islandGroupCode": "luzon",
    "psgc10DigitCode": "0401010000"
  },
  {
    "code": "041011000",
    "name": "Laurel",
    "oldName": "",
    "isCapital": false,
    "isCity": false,
    "isMunicipality": true,
    "provinceCode": "041000000",
    "districtCode": false,
    "regionCode": "040000000",
    "islandGroupCode": "luzon",
    "psgc10DigitCode": "0401011000"
  },
  {
    "code": "041012000",
    "name": "Lemery",
    "oldName": "",
    "isCapital": false,
    "isCity": false,
    "isMunicipality": true,
    "provinceCode": "041000000",
    "districtCode": false,
    "regionCode": "040000000",
    "islandGroupCode": "luzon",
    "psgc10DigitCode": "0401012000"
  },
  {
    "code": "041013000",
    "name": "Lian",
    "oldName": "",
    "isCapital": false,
    "isCity": false,
    "isMunicipality": true,
    "provinceCode": "041000000",
    "districtCode": false,
    "regionCode": "040000000",
    "islandGroupCode": "luzon",
    "psgc10DigitCode": "0401013000"
  },
  {
    "code": "041014000",
    "name": "City of Lipa",
    "oldName": "",
    "isCapital": false,
    "isCity": true,
    "isMunicipality": false,
    "provinceCode": "041000000",
    "districtCode": false,
    "regionCode": "040000000",
    "islandGroupCode": "luzon",
    "psgc10DigitCode": "0401014000"
  },
  {
    "code": "041015000",
    "name": "Lobo",
    "oldName": "",
    "isCapital": false,
    "isCity": false,
    "isMunicipality": true,
    "provinceCode": "041000000",
    "districtCode": false,
    "regionCode": "040000000",
    "islandGroupCode": "luzon",
    "psgc10DigitCode": "0401015000"
  },
  {
    "code": "041016000",
    "name": "Mabini",
    "oldName": "",
    "isCapital": false,
    "isCity": false,
    "isMunicipality": true,
    "provinceCode": "041000000",
    "districtCode": false,
    "regionCode": "040000000",
    "islandGroupCode": "luzon",
    "psgc10DigitCode": "0401016000"
  },
  {
    "code": "041017000",
    "name": "Malvar",
    "oldName": "",
    "isCapital": false,
    "isCity": false,
    "isMunicipality": true,
    "provinceCode": "041000000",
    "districtCode": false,
    "regionCode": "040000000",
    "islandGroupCode": "luzon",
    "psgc10DigitCode": "0401017000"
  },
  {
    "code": "041018000",
    "name": "Mataasnakahoy",
    "oldName": "",
    "isCapital": false,
    "isCity": false,
    "isMunicipality": true,
    "provinceCode": "041000000",
    "districtCode": false,
    "regionCode": "040000000",
    "islandGroupCode": "luzon",
    "psgc10DigitCode": "0401018000"
  },
  {
    "code": "041019000",
    "name": "Nasugbu",
    "oldName": "",
    "isCapital": false,
    "isCity": false,
    "isMunicipality": true,
    "provinceCode": "041000000",
    "districtCode": false,
    "regionCode": "040000000",
    "islandGroupCode": "luzon",
    "psgc10DigitCode": "0401019000"
  },
  {
    "code": "041020000",
    "name": "Padre Garcia",
    "oldName": "",
    "isCapital": false,
    "isCity": false,
    "isMunicipality": true,
    "provinceCode": "041000000",
    "districtCode": false,
    "regionCode": "040000000",
    "islandGroupCode": "luzon",
    "psgc10DigitCode": "0401020000"
  },
  {
    "code": "041021000",
    "name": "Rosario",
    "oldName": "",
    "isCapital": false,
    "isCity": false,
    "isMunicipality": true,
    "provinceCode": "041000000",
    "districtCode": false,
    "regionCode": "040000000",
    "islandGroupCode": "luzon",
    "psgc10DigitCode": "0401021000"
  },
  {
    "code": "041022000",
    "name": "San Jose",
    "oldName": "",
    "isCapital": false,
    "isCity": false,
    "isMunicipality": true,
    "provinceCode": "041000000",
    "districtCode": false,
    "regionCode": "040000000",
    "islandGroupCode": "luzon",
    "psgc10DigitCode": "0401022000"
  },
  {
    "code": "041023000",
    "name": "San Juan",
    "oldName": "",
    "isCapital": false,
    "isCity": false,
    "isMunicipality": true,
    "provinceCode": "041000000",
    "districtCode": false,
    "regionCode": "040000000",
    "islandGroupCode": "luzon",
    "psgc10DigitCode": "0401023000"
  },
  {
    "code": "041024000",
    "name": "San Luis",
    "oldName": "",
    "isCapital": false,
    "isCity": false,
    "isMunicipality": true,
    "provinceCode": "041000000",
    "districtCode": false,
    "regionCode": "040000000",
    "islandGroupCode": "luzon",
    "psgc10DigitCode": "0401024000"
  },
  {
    "code": "041025000",
    "name": "San Nicolas",
    "oldName": "",
    "isCapital": false,
    "isCity": false,
    "isMunicipality": true,
    "provinceCode": "041000000",
    "districtCode": false,
    "regionCode": "040000000",
    "islandGroupCode": "luzon",
    "psgc10DigitCode": "0401025000"
  },
  {
    "code": "041026000",
    "name": "San Pascual",
    "oldName": "",
    "isCapital": false,
    "isCity": false,
    "isMunicipality": true,
    "provinceCode": "041000000",
    "districtCode": false,
    "regionCode": "040000000",
    "islandGroupCode": "luzon",
    "psgc10DigitCode": "0401026000"
  },
  {
    "code": "041027000",
    "name": "Santa Teresita",
    "oldName": "",
    "isCapital": false,
    "isCity": false,
    "isMunicipality": true,
    "provinceCode": "041000000",
    "districtCode": false,
    "regionCode": "040000000",
    "islandGroupCode": "luzon",
    "psgc10DigitCode": "0401027000"
  },
  {
    "code": "041028000",
    "name": "City of Sto. Tomas",
    "oldName": "",
    "isCapital": false,
    "isCity": true,
    "isMunicipality": false,
    "provinceCode": "041000000",
    "districtCode": false,
    "regionCode": "040000000",
    "islandGroupCode": "luzon",
    "psgc10DigitCode": "0401028000"
  },
  {
    "code": "041029000",
    "name": "Taal",
    "oldName": "",
    "isCapital": false,
    "isCity": false,
    "isMunicipality": true,
    "provinceCode": "041000000",
    "districtCode": false,
    "regionCode": "040000000",
    "islandGroupCode": "luzon",
    "psgc10DigitCode": "0401029000"
  },
  {
    "code": "041030000",
    "name": "Talisay",
    "oldName": "",
    "isCapital": false,
    "isCity": false,
    "isMunicipality": true,
    "provinceCode": "041000000",
    "districtCode": false,
    "regionCode": "040000000",
    "islandGroupCode": "luzon",
    "psgc10DigitCode": "0401030000"
  },
  {
    "code": "041031000",
    "name": "City of Tanauan",
    "oldName": "",
    "isCapital": false,
    "isCity": true,
    "isMunicipality": false,
    "provinceCode": "041000000",
    "districtCode": false,
    "regionCode": "040000000",
    "islandGroupCode": "luzon",
    "psgc10DigitCode": "0401031000"
  },
  {
    "code": "041032000",
    "name": "Taysan",
    "oldName": "",
    "isCapital": false,
    "isCity": false,
    "isMunicipality": true,
    "provinceCode": "041000000",
    "districtCode": false,
    "regionCode": "040000000",
    "islandGroupCode": "luzon",
    "psgc10DigitCode": "0401032000"
  },
  {
    "code": "041033000",
    "name": "Tingloy",
    "oldName": "",
    "isCapital": false,
    "isCity": false,
    "isMunicipality": true,
    "provinceCode": "041000000",
    "districtCode": false,
    "regionCode": "040000000",
    "islandGroupCode": "luzon",
    "psgc10DigitCode": "0401033000"
  },
  {
    "code": "041034000",
    "name": "Tuy",
    "oldName": "",
    "isCapital": false,
    "isCity": false,
    "isMunicipality": true,
    "provinceCode": "041000000",
    "districtCode": false,
    "regionCode": "040000000",
    "islandGroupCode": "luzon",
    "psgc10DigitCode": "0401034000"
  }
]