[
  {
    "code": "112300000",
    "name": "Davao Del Norte",
    "regionCode": "110000000",
    "islandGroupCode": "mindanao",
    "psgc10DigitCode": "1102300000"
  },
  {
    "code": "112400000",
    "name": "Davao Del Sur",
    "regionCode": "110000000",
    "islandGroupCode": "mindanao",
    "psgc10DigitCode": "1102400000"
  },
  {
    "code": "112500000",
    "name": "Davao Oriental",
    "regionCode": "110000000",
    "islandGroupCode": "mindanao",
    "psgc10DigitCode": "1102500000"
  },
  {
    "code": "118200000",
    "name": "Davao De Oro",
    "regionCode": "110000000",
    "islandGroupCode": "mindanao",
    "psgc10DigitCode": "1108200000"
  },
  {
    "code": "118600000",
    "name": "Davao Occidental",
    "regionCode": "110000000",
    "islandGroupCode": "mindanao",
    "psgc10DigitCode": "1108600000"
  }
]